tmin,tier,text,tmax
0,words,,0.040956
0.040956,words,I,0.175635
0.175635,words,hadn't,0.593454
0.593454,words,thought,0.899455
0.899455,words,that,1.062265
1.062265,words,there,1.209133
1.209133,words,was,1.356363
1.356363,words,too,1.655499
1.655499,words,much,2.046591
2.046591,words,you,2.190692
2.190692,words,didn't,2.397127
2.397127,words,like,2.752350
2.752350,words,eating,3.157434
3.157434,words,yesterday,3.739030
3.739030,words,at,3.848059
3.848059,words,my,4.028787
4.028787,words,parents',4.888494
4.888494,words,,5.589958
